Date,Revenue,Profit,Cash Inflow,Cash Outflow,Current Ratio,Quick Ratio,Debt-to-Equity Ratio,Gross Margin,Salaries Expense,Marketing Expense,R&D Expense,Operations Expense,Miscellaneous Expense
2023-07-10 02:14:29.169625,141551,44984,172575,127591,2.28,1.57,0.56,0.22,18964,28002,12661,12625,28968
2023-07-11 02:14:29.169625,92172,7770,122544,114774,1.36,1.0,1.98,0.51,24681,10312,24881,22529,26126
2023-07-12 02:14:29.169625,90010,13685,133844,120159,2.05,2.23,1.32,0.49,24306,9538,18168,17307,8191
2023-07-13 02:14:29.169625,86583,53469,132107,78638,1.64,2.37,1.99,0.56,16595,24640,5410,12587,15625
2023-07-14 02:14:29.169625,141836,82299,160143,77844,1.66,2.02,0.59,0.26,20188,11626,11061,5240,18971
2023-07-15 02:14:29.169625,148729,106400,180970,74570,2.91,2.47,1.21,0.46,17890,10012,21147,20279,10772
2023-07-16 02:14:29.169625,93290,33464,126221,92757,1.27,1.02,1.87,0.31,25483,10412,23199,18763,17298
2023-07-17 02:14:29.169625,66875,11529,89561,78032,1.87,1.13,1.26,0.46,8034,13401,20222,17627,8159
2023-07-18 02:14:29.169625,73145,13951,108760,94809,2.85,2.08,0.7,0.4,13147,10109,28418,19895,12957
2023-07-19 02:14:29.169625,127911,72346,167773,95427,1.42,1.84,0.79,0.4,27995,10071,18561,28278,21883
2023-07-20 02:14:29.169625,79295,55082,128122,73040,2.21,1.28,0.88,0.31,15869,25480,7021,28754,7733
2023-07-21 02:14:29.169625,147345,120109,197002,76893,2.82,1.19,1.54,0.32,5560,6449,21536,7035,18901
2023-07-22 02:14:29.169625,101633,58076,112182,54106,2.24,1.6,1.0,0.57,17917,12980,25207,27213,22594
2023-07-23 02:14:29.169625,137769,71203,159011,87808,1.56,2.19,0.86,0.48,7978,13275,6711,26985,22662
2023-07-24 02:14:29.169625,51781,8401,100777,92376,2.29,1.33,1.96,0.38,13912,27623,21018,28133,29217
2023-07-25 02:14:29.169625,53403,-10447,100797,111244,2.34,2.11,0.85,0.24,16654,27876,20688,26972,7918
2023-07-26 02:14:29.169625,116454,16651,162125,145474,1.5,2.25,0.97,0.22,8843,15359,7030,10277,18351
2023-07-27 02:14:29.169625,108386,11144,137345,126201,2.6,1.42,1.72,0.36,23635,6933,14557,6603,15178
2023-07-28 02:14:29.169625,87226,37565,124014,86449,2.43,1.56,0.6,0.43,27922,14638,7147,11963,20204
2023-07-29 02:14:29.169625,67521,29480,96456,66976,1.3,1.59,0.95,0.56,25877,26997,16431,13464,17556
2023-07-30 02:14:29.169625,135730,109030,178973,69943,2.58,2.43,0.71,0.36,28481,16775,15824,25720,23583
2023-07-31 02:14:29.169625,92034,71577,106547,34970,2.81,2.33,0.73,0.55,17263,19945,29985,26886,11146
2023-08-01 02:14:29.169625,108903,67563,126279,58716,2.64,1.3,1.32,0.38,29123,10015,17217,5640,6638
2023-08-02 02:14:29.169625,52647,-45571,89372,134943,2.8,2.1,0.57,0.25,20440,7389,29910,5098,12528
2023-08-03 02:14:29.169625,132872,103567,156172,52605,1.82,1.81,1.74,0.58,9761,9500,25221,7091,7532
2023-08-04 02:14:29.169625,51365,22403,79756,57353,2.48,1.07,0.92,0.27,10415,16833,19869,7122,20146
2023-08-05 02:14:29.169625,59329,12924,86438,73514,2.29,0.82,1.98,0.31,22362,25534,10631,11238,19717
2023-08-06 02:14:29.169625,68770,34185,114220,80035,2.98,0.9,1.32,0.56,19227,29696,5614,18359,25066
2023-08-07 02:14:29.169625,54200,-31763,86159,117922,1.64,1.77,1.06,0.38,8849,15166,25419,8932,19354
2023-08-08 02:14:29.169625,58019,-14162,77809,91971,1.99,1.86,1.51,0.47,28889,26883,25097,24184,11012
2023-08-09 02:14:29.169625,50831,3269,66098,62829,2.41,0.8,1.29,0.59,26620,28619,26958,5664,14516
2023-08-10 02:14:29.169625,143791,119060,163473,44413,2.2,1.25,1.78,0.57,18269,27031,26888,5570,10135
2023-08-11 02:14:29.169625,120200,72430,134060,61630,1.09,1.27,1.25,0.25,27470,24947,11946,21021,23122
2023-08-12 02:14:29.169625,116628,48727,139741,91014,2.54,2.06,1.28,0.32,16792,14738,20595,19077,13610
2023-08-13 02:14:29.169625,143462,56383,168246,111863,2.16,2.18,1.36,0.56,27411,14727,18124,7628,21202
2023-08-14 02:14:29.169625,133208,34908,164985,130077,2.17,0.84,1.53,0.57,12908,23326,21070,12108,14031
2023-08-15 02:14:29.169625,76661,1061,105634,104573,1.06,1.92,1.82,0.46,29784,12112,23893,10385,5285
2023-08-16 02:14:29.169625,148824,56468,162041,105573,2.92,2.16,0.53,0.49,22798,23715,25501,19492,23310
2023-08-17 02:14:29.169625,135380,82412,148585,66173,1.06,1.39,1.08,0.54,10615,28497,19256,27618,25744
2023-08-18 02:14:29.169625,97681,18833,136606,117773,2.84,2.34,1.77,0.27,5749,8820,6260,27988,27536
2023-08-19 02:14:29.169625,56833,25816,69861,44045,2.45,1.8,0.72,0.53,10284,5205,10678,18432,6957
2023-08-20 02:14:29.169625,130059,44918,162615,117697,2.59,1.11,1.73,0.36,17323,29341,25745,22426,13848
2023-08-21 02:14:29.169625,53541,-15857,85222,101079,2.53,1.59,0.9,0.47,22788,25312,11334,9349,7442
2023-08-22 02:14:29.169625,60193,9666,77683,68017,2.56,2.37,0.68,0.33,8150,21857,25937,13859,6858
2023-08-23 02:14:29.169625,113926,51811,148985,97174,2.17,1.56,0.57,0.54,17186,19402,23887,18463,27265
2023-08-24 02:14:29.169625,99364,31320,125707,94387,2.28,2.07,0.69,0.43,20406,15313,22971,7615,7940
2023-08-25 02:14:29.169625,115108,61946,143329,81383,1.37,1.07,0.76,0.57,9635,17152,23172,28891,15409
2023-08-26 02:14:29.169625,127172,93022,150475,57453,2.8,1.31,0.89,0.28,27687,11105,9285,13551,12076
2023-08-27 02:14:29.169625,127098,82768,156158,73390,2.35,1.14,0.65,0.21,23199,27942,8664,11461,16327
2023-08-28 02:14:29.169625,102749,73642,116823,43181,1.84,1.54,1.59,0.49,27796,18083,9421,17466,25971
2023-08-29 02:14:29.169625,107997,40425,121846,81421,2.16,1.1,1.48,0.55,6363,26126,13630,20674,10995
2023-08-30 02:14:29.169625,61348,36635,83330,46695,1.03,1.54,0.53,0.3,21358,20658,19355,27377,14269
2023-08-31 02:14:29.169625,75547,24813,117962,93149,1.17,1.44,1.8,0.44,21903,26894,15997,8891,25981
2023-09-01 02:14:29.169625,117203,74326,161849,87523,1.21,1.21,0.66,0.38,27771,7851,24899,8547,16956
2023-09-02 02:14:29.169625,146301,104748,177741,72993,1.55,0.85,0.6,0.33,15824,5147,27127,21932,21008
2023-09-03 02:14:29.169625,112772,79377,155883,76506,1.6,2.38,1.99,0.58,26749,24911,12839,13157,20254
2023-09-04 02:14:29.169625,109059,43785,120870,77085,2.61,0.81,0.82,0.34,22508,26407,13086,7031,25578
2023-09-05 02:14:29.169625,79135,28706,99772,71066,1.83,0.94,1.52,0.5,7651,20240,28391,28212,11500
2023-09-06 02:14:29.169625,126121,60510,161291,100781,1.86,2.33,1.92,0.3,13706,8822,10986,23205,27984
2023-09-07 02:14:29.169625,84396,62358,102717,40359,2.34,0.97,1.56,0.57,21606,5823,24629,6537,28895
2023-09-08 02:14:29.169625,92405,32460,118716,86256,2.16,1.08,1.77,0.37,8961,28167,24270,28274,27717
2023-09-09 02:14:29.169625,70330,16728,95384,78656,1.07,1.86,0.81,0.6,23302,10006,21109,5094,20883
2023-09-10 02:14:29.169625,96048,7600,139163,131563,1.52,0.91,1.23,0.48,29734,8453,8973,17496,13814
2023-09-11 02:14:29.169625,111298,89397,133103,43706,1.75,0.93,1.87,0.53,17822,16181,11962,7682,23591
2023-09-12 02:14:29.169625,108933,38926,122087,83161,1.15,2.44,1.51,0.55,12648,23719,6145,25532,22748
2023-09-13 02:14:29.169625,52755,-46664,66138,112802,2.22,1.24,0.51,0.51,24866,18311,18041,7443,21169
2023-09-14 02:14:29.169625,97153,7453,122931,115478,2.6,2.18,1.77,0.42,7328,25789,17361,13611,19629
2023-09-15 02:14:29.169625,133661,61098,169377,108279,2.14,1.61,0.84,0.4,23140,27848,22747,17808,7660
2023-09-16 02:14:29.169625,89954,31686,138634,106948,2.95,1.48,1.41,0.27,14055,20794,25882,12092,21689
2023-09-17 02:14:29.169625,91811,23034,108871,85837,1.24,1.95,2.0,0.34,8251,7566,9649,18588,9683
2023-09-18 02:14:29.169625,131969,64791,151468,86677,2.7,1.06,1.45,0.45,7845,6534,26638,15757,5567
2023-09-19 02:14:29.169625,80951,51531,129790,78259,1.53,1.35,0.75,0.46,29393,18883,13944,13428,8475
2023-09-20 02:14:29.169625,141223,68944,188219,119275,2.68,2.2,0.7,0.27,22875,24979,13865,15963,18807
2023-09-21 02:14:29.169625,51539,-48351,80731,129082,1.86,1.12,0.78,0.35,19755,8850,6212,16066,7577
2023-09-22 02:14:29.169625,56807,33631,75785,42154,2.16,2.05,1.17,0.42,19710,22447,6555,5947,29984
2023-09-23 02:14:29.169625,61771,27508,106818,79310,1.44,2.07,1.98,0.33,22403,6243,25236,11850,10650
2023-09-24 02:14:29.169625,75231,24952,87257,62305,1.12,1.77,1.24,0.44,5283,19616,18868,15572,18457
2023-09-25 02:14:29.169625,119317,30911,164241,133330,1.23,1.62,1.1,0.51,7615,20105,11030,11838,14768
2023-09-26 02:14:29.169625,87325,1869,112306,110437,1.99,2.1,1.47,0.46,24735,13955,27846,27342,16477
2023-09-27 02:14:29.169625,65651,-10635,95282,105917,2.76,2.42,1.89,0.33,17968,15444,11116,17563,18935
2023-09-28 02:14:29.169625,110089,22477,157548,135071,1.58,2.43,1.74,0.58,23664,12876,19815,11878,19601
2023-09-29 02:14:29.169625,148179,111963,193969,82006,1.77,2.35,1.05,0.47,12889,28118,24478,14506,5096
2023-09-30 02:14:29.169625,63929,-4206,85888,90094,1.67,1.42,1.21,0.6,22603,28891,12551,25829,12069
2023-10-01 02:14:29.169625,104719,10201,137916,127715,1.81,2.02,1.18,0.27,23798,16417,25763,16038,8691
2023-10-02 02:14:29.169625,121366,59390,135095,75705,1.81,2.08,1.99,0.46,21747,28043,21704,24150,11549
2023-10-03 02:14:29.169625,85306,21733,125045,103312,2.33,1.37,1.22,0.49,20212,29374,24236,23885,7040
2023-10-04 02:14:29.169625,146661,116239,159635,43396,2.32,1.77,1.71,0.55,6254,16662,28156,14829,21340
2023-10-05 02:14:29.169625,115989,68479,163779,95300,1.23,2.47,1.89,0.56,15122,22250,6384,14420,10753
2023-10-06 02:14:29.169625,101291,5592,136155,130563,2.41,1.98,1.35,0.52,13791,22722,5635,10802,13045
2023-10-07 02:14:29.169625,96757,40052,124718,84666,1.62,1.95,0.81,0.33,28098,6385,13721,18157,19328
2023-10-08 02:14:29.169625,143948,51853,179582,127729,1.09,1.35,1.75,0.53,15309,11925,21896,23624,14375
2023-10-09 02:14:29.169625,145470,75734,158121,82387,2.36,1.18,0.88,0.2,15386,14178,23827,13287,13786
2023-10-10 02:14:29.169625,110893,60811,124102,63291,2.22,0.88,1.7,0.44,26814,26728,18150,14707,24508
2023-10-11 02:14:29.169625,128298,51495,151050,99555,2.81,1.51,1.21,0.23,5858,25807,15890,13599,23256
2023-10-12 02:14:29.169625,149163,62439,169592,107153,2.63,2.08,1.24,0.39,5647,21240,12892,22625,28303
2023-10-13 02:14:29.169625,62592,606,76190,75584,2.01,2.34,1.67,0.58,14215,9547,16206,26888,6864
2023-10-14 02:14:29.169625,97008,27893,134021,106128,2.29,1.76,0.75,0.35,9573,14225,11430,10182,21890
2023-10-15 02:14:29.169625,96412,17884,118206,100322,2.09,1.39,1.89,0.59,7409,29253,23705,11277,25914
2023-10-16 02:14:29.169625,94569,37396,116272,78876,2.49,2.11,1.72,0.34,9577,26287,5137,9563,29261
2023-10-17 02:14:29.169625,78162,-6814,99390,106204,1.26,1.99,0.56,0.44,5204,9619,25499,19022,13562
2023-10-18 02:14:29.169625,97887,12149,135711,123562,1.52,2.11,1.55,0.24,7379,23212,18765,15110,5969
2023-10-19 02:14:29.169625,148640,51360,180724,129364,2.1,1.75,1.77,0.6,27331,14167,16464,13955,26671
2023-10-20 02:14:29.169625,129491,37380,157287,119907,1.16,1.1,1.62,0.59,21711,29140,23026,28917,18192
2023-10-21 02:14:29.169625,102347,71702,137726,66024,2.92,0.88,0.89,0.42,25620,5282,7145,6761,8810
2023-10-22 02:14:29.169625,76010,-11791,120462,132253,2.7,2.39,1.41,0.59,23966,20127,15103,5660,25963
2023-10-23 02:14:29.169625,51482,-47421,86649,134070,1.81,1.79,1.53,0.55,25301,17864,9858,25819,26918
2023-10-24 02:14:29.169625,78341,-10958,127487,138445,1.36,1.11,0.82,0.37,17285,12269,7681,15878,19131
2023-10-25 02:14:29.169625,89476,7068,113999,106931,2.05,1.1,1.22,0.35,11103,21206,27957,7752,7112
2023-10-26 02:14:29.169625,82012,44485,131562,87077,1.78,1.98,1.97,0.5,15259,12581,13463,9784,25728
2023-10-27 02:14:29.169625,137546,45502,154015,108513,1.49,2.44,0.56,0.48,23284,14684,10121,13617,16159
2023-10-28 02:14:29.169625,61034,-23399,96668,120067,1.97,1.15,0.85,0.21,15504,20122,18724,19228,19722
2023-10-29 02:14:29.169625,83717,19398,95593,76195,1.01,1.51,1.28,0.39,23451,25267,9060,7591,6645
2023-10-30 02:14:29.169625,118875,54543,167108,112565,1.07,1.91,1.9,0.21,20497,26834,25005,12566,23232
2023-10-31 02:14:29.169625,77165,41356,104276,62920,2.54,1.9,1.77,0.26,22065,23287,20651,27415,16942
2023-11-01 02:14:29.169625,76815,36830,93596,56766,2.72,0.87,0.71,0.39,20671,6010,28595,8397,20546
2023-11-02 02:14:29.169625,68169,22747,116599,93852,2.5,1.61,1.53,0.48,21191,22287,13848,26862,9309
2023-11-03 02:14:29.169625,142739,96320,176931,80611,1.9,2.45,0.85,0.43,28793,26618,22201,8451,12634
2023-11-04 02:14:29.169625,130458,78711,168496,89785,1.49,1.95,0.8,0.33,23430,22042,16951,19713,28668
2023-11-05 02:14:29.169625,112475,79257,150320,71063,2.68,2.14,1.36,0.52,29628,10836,18716,27122,22146
2023-11-06 02:14:29.169625,56140,-35653,90058,125711,1.83,2.47,1.07,0.32,23012,20806,18176,5792,21568
2023-11-07 02:14:29.169625,114905,33652,145545,111893,2.93,1.68,1.86,0.44,24676,20545,27347,27326,29631
2023-11-08 02:14:29.169625,148367,52643,171179,118536,1.28,2.34,1.45,0.29,11785,17606,26232,19748,24369
2023-11-09 02:14:29.169625,87714,57763,117871,60108,2.66,0.95,1.42,0.26,10377,5272,17807,24211,25437
2023-11-10 02:14:29.169625,54937,18806,67313,48507,1.26,1.73,1.57,0.44,8460,12876,17161,25030,27722
2023-11-11 02:14:29.169625,55372,23566,68614,45048,2.12,2.16,1.37,0.48,29076,21522,13111,28872,28048
2023-11-12 02:14:29.169625,62205,-34049,101870,135919,2.98,1.96,1.87,0.57,26775,18284,6436,16087,24380
2023-11-13 02:14:29.169625,71896,25421,89355,63934,1.67,1.07,1.83,0.48,6499,15135,11346,19538,5188
2023-11-14 02:14:29.169625,77929,38310,99292,60982,2.54,0.82,1.91,0.42,7924,13739,25653,16254,14612
2023-11-15 02:14:29.169625,133692,63170,154717,91547,1.55,1.4,1.87,0.52,9141,29411,25235,27613,13314
2023-11-16 02:14:29.169625,77901,13922,123195,109273,1.79,1.35,0.86,0.46,14108,14261,10652,26077,9009
2023-11-17 02:14:29.169625,94021,41151,112953,71802,1.08,1.6,1.63,0.52,13800,13721,14960,18133,23438
2023-11-18 02:14:29.169625,149353,108239,193037,84798,2.59,2.35,0.63,0.35,12989,6634,22331,28694,15535
2023-11-19 02:14:29.169625,112372,21702,133632,111930,2.12,1.93,1.75,0.57,23093,15522,26232,29264,20558
2023-11-20 02:14:29.169625,127087,35677,171017,135340,1.22,1.62,0.98,0.32,26742,18319,28270,6416,29140
2023-11-21 02:14:29.169625,59550,-37211,93559,130770,2.77,1.47,1.8,0.55,26238,22504,21189,8600,12986
2023-11-22 02:14:29.169625,86670,42156,109475,67319,2.13,0.91,0.97,0.28,7375,11058,24976,20608,26396
2023-11-23 02:14:29.169625,56651,-30789,97826,128615,2.78,0.82,1.62,0.26,14280,7530,17281,28837,7647
2023-11-24 02:14:29.169625,66785,15804,87600,71796,1.78,1.16,1.35,0.44,10032,6340,16284,6084,25396
2023-11-25 02:14:29.169625,111929,84539,122067,37528,2.59,2.19,1.03,0.21,25245,27859,8755,22220,16122
2023-11-26 02:14:29.169625,120402,68274,157243,88969,1.31,0.83,0.75,0.23,17170,26077,9150,22342,7631
2023-11-27 02:14:29.169625,65640,31117,91691,60574,1.94,0.84,1.43,0.57,29166,13445,17744,7200,20447
2023-11-28 02:14:29.169625,121092,88678,165347,76669,2.52,2.08,1.58,0.3,19050,12182,10795,24012,10040
2023-11-29 02:14:29.169625,87788,9097,134762,125665,1.64,1.03,0.66,0.34,25186,15109,24368,20434,21365
2023-11-30 02:14:29.169625,120301,51356,138207,86851,2.47,2.09,1.06,0.3,17460,14671,23549,7188,21144
2023-12-01 02:14:29.169625,71122,25954,106322,80368,2.57,2.37,1.48,0.22,12809,26188,19023,10583,22666
2023-12-02 02:14:29.169625,134886,109722,146760,37038,2.98,0.96,1.93,0.5,5329,7396,9944,9495,15491
2023-12-03 02:14:29.169625,71073,-14121,109382,123503,1.1,1.81,0.93,0.45,23923,21549,10752,23060,15578
2023-12-04 02:14:29.169625,81774,28570,125948,97378,2.46,1.59,1.31,0.41,14317,26693,12123,18412,5706
2023-12-05 02:14:29.169625,127876,57175,165201,108026,2.69,0.83,1.14,0.4,5760,26001,18464,23310,9674
2023-12-06 02:14:29.169625,128757,98456,152141,53685,2.98,1.18,1.54,0.33,12047,14379,29829,12824,18869
2023-12-07 02:14:29.169625,62082,27813,99534,71721,1.08,1.28,0.91,0.53,27551,9692,5944,23837,18515
2023-12-08 02:14:29.169625,93193,35187,119869,84682,2.67,2.24,1.1,0.51,7146,18951,16567,22547,29413
2023-12-09 02:14:29.169625,66854,-20865,76854,97719,2.54,1.56,1.47,0.29,16089,12144,12442,20691,23558
2023-12-10 02:14:29.169625,104842,24644,131449,106805,1.79,1.79,1.99,0.44,12872,12680,21758,26236,25337
2023-12-11 02:14:29.169625,53492,-1528,75137,76665,2.65,0.91,1.8,0.58,16932,15585,9118,21899,14277
2023-12-12 02:14:29.169625,130667,43041,143608,100567,2.71,1.44,0.9,0.37,6890,6899,6457,8524,28263
2023-12-13 02:14:29.169625,107829,34729,123353,88624,1.05,1.39,1.62,0.42,29987,24648,19552,18694,28559
2023-12-14 02:14:29.169625,106174,18492,141316,122824,2.14,2.34,1.95,0.25,24247,7310,11267,20684,22755
2023-12-15 02:14:29.169625,121107,86287,169838,83551,2.15,1.5,0.79,0.31,21399,21301,8792,28541,15883
2023-12-16 02:14:29.169625,138036,68743,158459,89716,1.99,2.31,1.8,0.2,23949,14525,19825,18661,12603
2023-12-17 02:14:29.169625,56722,11357,104704,93347,2.74,1.88,1.64,0.42,11411,20762,17675,13146,23016
2023-12-18 02:14:29.169625,66657,33710,86072,52362,1.57,1.61,1.05,0.57,9351,21984,9749,25805,27664
2023-12-19 02:14:29.169625,82601,-3673,107266,110939,2.52,1.2,1.72,0.32,10400,27704,19981,15293,25205
2023-12-20 02:14:29.169625,141340,69993,177985,107992,2.26,1.98,1.43,0.4,11033,16384,21411,16092,23846
2023-12-21 02:14:29.169625,61170,984,72477,71493,2.8,1.03,1.33,0.27,27562,15782,24062,24123,14580
2023-12-22 02:14:29.169625,95023,24442,107919,83477,1.18,2.32,0.73,0.2,15627,23612,18343,14538,22210
2023-12-23 02:14:29.169625,125613,42749,163483,120734,1.75,1.57,1.61,0.36,21129,20295,14258,27152,7291
2023-12-24 02:14:29.169625,120280,33338,141350,108012,2.56,1.01,1.24,0.54,19998,23368,22382,21622,27570
2023-12-25 02:14:29.169625,95716,25258,137511,112253,2.9,1.76,1.13,0.41,17791,11959,29035,13441,8963
2023-12-26 02:14:29.169625,75026,43268,114043,70775,2.7,1.96,1.3,0.28,27640,25127,8388,25296,29063
2023-12-27 02:14:29.169625,69271,19158,115290,96132,2.63,1.56,0.82,0.34,27375,15465,18417,20212,11041
2023-12-28 02:14:29.169625,109137,87356,149820,62464,1.81,1.38,1.68,0.48,16513,5124,19777,12375,20052
2023-12-29 02:14:29.169625,60236,-33595,108902,142497,2.85,1.17,1.97,0.29,22208,26801,16578,13896,19717
2023-12-30 02:14:29.169625,96887,49710,135342,85632,2.3,1.49,1.31,0.37,16071,13551,13393,11136,16510
2023-12-31 02:14:29.169625,130253,40412,171044,130632,2.56,1.5,0.62,0.59,16474,13746,28486,27682,26337
2024-01-01 02:14:29.169625,107268,29061,128859,99798,2.07,1.11,1.28,0.58,18658,8619,9469,8754,24153
2024-01-02 02:14:29.169625,77948,-11152,103356,114508,2.23,1.9,0.78,0.49,23545,8429,16010,15092,25513
2024-01-03 02:14:29.169625,52093,-46962,67833,114795,2.61,0.86,2.0,0.56,10870,18525,29853,26054,5587
2024-01-04 02:14:29.169625,123531,78929,169111,90182,2.69,0.97,1.32,0.47,12448,18048,22069,14135,29241
2024-01-05 02:14:29.169625,104211,6810,144018,137208,2.98,1.12,1.16,0.26,19361,26892,26094,9265,16696
2024-01-06 02:14:29.169625,111263,42312,147226,104914,1.35,1.18,0.85,0.46,18859,15017,15533,18057,23905
2024-01-07 02:14:29.169625,84236,56592,118085,61493,1.09,1.9,1.53,0.52,20585,24703,19394,27857,29616
2024-01-08 02:14:29.169625,147605,56136,163723,107587,2.88,2.09,0.69,0.51,19506,11963,13870,20966,19948
2024-01-09 02:14:29.169625,95400,5009,105981,100972,2.8,1.62,1.93,0.22,11485,8248,29286,8402,7970
2024-01-10 02:14:29.169625,132122,110768,144216,33448,1.64,2.21,0.89,0.27,6646,6258,26695,22993,14403
2024-01-11 02:14:29.169625,116433,50972,152184,101212,1.54,1.56,1.52,0.24,6912,24409,9689,12968,17675
2024-01-12 02:14:29.169625,81267,-16153,126926,143079,2.66,2.1,1.83,0.56,19522,22288,16342,28259,20144
2024-01-13 02:14:29.169625,68257,-21930,88107,110037,2.78,2.06,1.82,0.55,12956,8749,18172,14067,15781
2024-01-14 02:14:29.169625,59427,-18790,83598,102388,2.53,1.71,0.8,0.53,25889,12358,24036,9658,14028
2024-01-15 02:14:29.169625,86283,65424,105410,39986,2.71,0.88,0.86,0.58,21356,14938,5872,9571,14681
2024-01-16 02:14:29.169625,91107,14388,111419,97031,1.76,2.18,0.69,0.55,15438,23419,28681,20096,16854
2024-01-17 02:14:29.169625,137019,38000,186980,148980,2.15,1.1,0.71,0.33,11585,10419,26334,29431,24334
2024-01-18 02:14:29.169625,74028,7951,101938,93987,1.81,1.3,1.66,0.3,25902,12025,27036,29086,13274
2024-01-19 02:14:29.169625,80874,54929,121726,66797,2.63,1.74,0.98,0.45,8361,28656,8003,15615,16513
2024-01-20 02:14:29.169625,116892,40529,131407,90878,1.88,2.38,1.17,0.34,19064,24961,21473,21775,22914
2024-01-21 02:14:29.169625,142735,43229,152739,109510,1.31,2.44,0.87,0.51,23993,25882,16971,15557,7160
2024-01-22 02:14:29.169625,81753,-12663,130456,143119,2.29,2.47,0.76,0.31,24355,22861,15834,16214,22925
2024-01-23 02:14:29.169625,145411,115524,188184,72660,1.9,1.53,0.6,0.45,16643,22050,21004,22041,25886
2024-01-24 02:14:29.169625,79827,-18095,94601,112696,1.28,1.48,1.3,0.35,13610,13810,8016,5355,19969
2024-01-25 02:14:29.169625,87575,42933,110430,67497,2.11,1.41,1.57,0.28,25258,13071,20849,25800,6584
2024-01-26 02:14:29.169625,134390,80943,184094,103151,2.64,2.44,0.95,0.54,25556,20815,8391,13719,18198
2024-01-27 02:14:29.169625,85002,38612,104804,66192,1.91,2.03,1.99,0.27,8004,26611,22303,9707,19398
2024-01-28 02:14:29.169625,143507,71985,193394,121409,1.54,1.97,0.71,0.36,29125,27922,9726,17487,20219
2024-01-29 02:14:29.169625,116629,94321,131339,37018,2.34,2.32,1.42,0.23,10665,10667,27853,21917,16828
2024-01-30 02:14:29.169625,131312,105623,161176,55553,2.01,1.79,1.07,0.35,15235,8428,28630,22988,23825
2024-01-31 02:14:29.169625,94061,58043,117879,59836,2.2,1.45,0.6,0.2,10501,6936,14098,16415,20645
2024-02-01 02:14:29.169625,109254,12699,147194,134495,2.04,1.15,1.55,0.31,25231,23648,21588,13528,18546
2024-02-02 02:14:29.169625,133716,103245,179034,75789,2.02,2.14,1.89,0.54,27389,8403,14509,16588,18696
2024-02-03 02:14:29.169625,65427,-20938,106840,127778,1.38,1.89,1.35,0.48,27727,22699,7433,6346,22387
2024-02-04 02:14:29.169625,148352,56816,198242,141426,1.28,2.23,1.46,0.5,14701,9173,25346,10754,11768
2024-02-05 02:14:29.169625,114667,82693,139077,56384,2.65,2.33,1.15,0.48,18129,19981,25989,14834,9285
2024-02-06 02:14:29.169625,117754,62274,165607,103333,2.24,2.39,0.79,0.28,8612,7987,8989,19299,6169
2024-02-07 02:14:29.169625,116344,37665,148029,110364,1.72,1.04,1.59,0.57,22929,17240,19761,6325,18788
2024-02-08 02:14:29.169625,105069,51560,115668,64108,1.13,1.06,1.87,0.41,18901,27890,25547,16374,14979
2024-02-09 02:14:29.169625,67531,17251,95893,78642,2.19,1.55,1.49,0.2,6579,27953,8341,25864,17828
2024-02-10 02:14:29.169625,58135,-29594,89061,118655,2.96,2.24,0.58,0.34,20696,21958,6430,29012,12911
2024-02-11 02:14:29.169625,69400,38961,117945,78984,1.17,2.05,0.8,0.31,5638,9423,8144,7433,7735
2024-02-12 02:14:29.169625,101395,33870,122280,88410,1.51,2.2,0.87,0.46,16778,19537,22215,15749,16303
2024-02-13 02:14:29.169625,89150,44110,110749,66639,2.09,1.98,1.55,0.33,20678,11871,11103,6541,23158
2024-02-14 02:14:29.169625,123027,37648,135526,97878,2.77,2.12,0.54,0.36,20704,14987,28739,24354,24496
2024-02-15 02:14:29.169625,130729,84330,145059,60729,2.72,1.5,0.77,0.32,21772,6990,20062,14802,6355
2024-02-16 02:14:29.169625,116194,79393,132909,53516,2.75,1.35,1.66,0.32,27205,22469,21640,11099,28148
2024-02-17 02:14:29.169625,119084,64296,159775,95479,1.61,1.02,0.56,0.42,7170,23403,5664,25524,14291
2024-02-18 02:14:29.169625,105653,62182,134928,72746,1.44,2.18,1.07,0.5,6842,20699,29436,16873,20142
2024-02-19 02:14:29.169625,122039,100354,142016,41662,2.58,1.38,1.34,0.39,13239,14967,22276,19209,11969
2024-02-20 02:14:29.169625,75383,17633,110672,93039,1.66,1.8,1.72,0.28,5442,19147,28616,5701,10092
2024-02-21 02:14:29.169625,102723,56792,121434,64642,2.89,1.7,0.84,0.22,9026,10817,14423,27148,17004
2024-02-22 02:14:29.169625,99663,15976,149334,133358,1.23,1.04,1.15,0.3,5815,19392,26197,12264,14661
2024-02-23 02:14:29.169625,90554,26177,134474,108297,1.79,2.05,0.57,0.52,25023,29150,17306,16701,16632
2024-02-24 02:14:29.169625,117513,79918,138201,58283,2.92,1.76,1.33,0.44,23110,7929,5007,13655,23343
2024-02-25 02:14:29.169625,78264,-6458,120062,126520,2.77,2.48,1.65,0.24,22387,25734,13107,14393,19156
2024-02-26 02:14:29.169625,53145,13381,84515,71134,1.99,2.19,1.99,0.35,18614,19141,16282,13288,27828
2024-02-27 02:14:29.169625,115448,85856,157193,71337,1.64,1.56,0.96,0.4,7093,29657,14836,14607,11166
2024-02-28 02:14:29.169625,106769,33069,127388,94319,2.05,0.99,1.34,0.25,23950,15977,5174,23355,26308
2024-02-29 02:14:29.169625,129095,92671,143095,50424,1.04,1.82,1.15,0.59,19663,11267,20600,7963,24007
2024-03-01 02:14:29.169625,124360,43764,165743,121979,2.39,1.92,0.73,0.4,21572,6748,27704,19040,16469
2024-03-02 02:14:29.169625,134729,60211,157819,97608,1.54,1.26,1.83,0.34,25775,23009,20621,22238,29923
2024-03-03 02:14:29.169625,129990,49535,170062,120527,1.91,0.95,0.85,0.33,10846,18685,21901,10395,18231
2024-03-04 02:14:29.169625,138241,80538,185362,104824,2.18,2.13,1.37,0.58,16329,9797,29431,12990,19868
2024-03-05 02:14:29.169625,60988,-11355,74470,85825,1.33,2.03,1.19,0.54,16128,14239,10039,13118,5742
2024-03-06 02:14:29.169625,97129,-2245,111148,113393,2.1,2.46,0.55,0.29,20185,16666,7850,27570,8491
2024-03-07 02:14:29.169625,64320,13847,76088,62241,2.55,1.27,0.56,0.22,22248,18800,15253,14845,5969
2024-03-08 02:14:29.169625,136366,98223,156136,57913,2.54,0.88,0.71,0.4,26749,24490,15814,25867,7567
2024-03-09 02:14:29.169625,69350,19215,83795,64580,2.28,1.05,1.13,0.57,5967,10133,28323,5831,17739
2024-03-10 02:14:29.169625,74711,-20199,87010,107209,2.13,1.74,0.74,0.26,22696,18631,15177,28687,18800
2024-03-11 02:14:29.169625,110499,84496,144285,59789,2.61,1.89,1.85,0.5,17049,6944,24303,21009,28939
2024-03-12 02:14:29.169625,94712,-1368,133944,135312,1.51,1.1,0.93,0.56,10032,13443,16855,5781,14956
2024-03-13 02:14:29.169625,79754,21118,93749,72631,1.66,2.17,1.36,0.28,28233,14086,14290,11535,9868
2024-03-14 02:14:29.169625,123391,32961,138279,105318,2.69,1.04,0.77,0.45,21352,5716,28469,16890,5727
2024-03-15 02:14:29.169625,64860,1514,76599,75085,1.74,2.27,0.7,0.24,16068,24073,17674,19200,28891
2024-03-16 02:14:29.169625,51959,-27291,79138,106429,2.36,1.65,1.45,0.44,13535,27992,5753,6884,26024
2024-03-17 02:14:29.169625,128014,75189,150834,75645,2.99,0.96,1.5,0.31,16422,14629,8166,7697,9970
2024-03-18 02:14:29.169625,81642,-15441,93515,108956,1.11,0.83,0.81,0.36,19961,24292,25358,11942,20723
2024-03-19 02:14:29.169625,88683,25674,119050,93376,1.46,1.27,0.53,0.57,26336,14017,28315,10809,15628
2024-03-20 02:14:29.169625,147875,79866,170885,91019,1.88,1.25,1.0,0.47,22803,28122,14262,29574,25168
2024-03-21 02:14:29.169625,134690,107062,144954,37892,2.34,0.9,0.59,0.54,5890,25199,27128,27808,5775
2024-03-22 02:14:29.169625,65369,43000,97572,54572,2.26,1.23,1.97,0.25,10305,20433,9420,18611,12790
2024-03-23 02:14:29.169625,146072,104517,160028,55511,2.38,1.3,1.31,0.36,24098,13715,23633,10733,7506
2024-03-24 02:14:29.169625,75732,19508,100633,81125,1.23,1.22,1.51,0.2,17828,20134,27610,21791,5155
2024-03-25 02:14:29.169625,51746,-14768,83770,98538,1.75,1.38,1.84,0.21,19153,15976,9168,11649,23317
2024-03-26 02:14:29.169625,141791,102711,154801,52090,2.18,1.04,1.64,0.24,7960,13209,13347,22871,26047
2024-03-27 02:14:29.169625,88345,28804,103951,75147,1.99,1.84,0.73,0.2,12796,29748,10309,18651,19078
2024-03-28 02:14:29.169625,95473,43434,127225,83791,2.7,0.93,1.69,0.59,23267,25508,12088,16522,14140
2024-03-29 02:14:29.169625,140587,46566,162827,116261,1.11,1.03,1.69,0.2,17051,8304,22809,5593,6878
2024-03-30 02:14:29.169625,116329,81800,150336,68536,2.4,1.97,1.57,0.44,26915,14828,12016,29502,6388
2024-03-31 02:14:29.169625,50146,-37010,84784,121794,1.83,1.32,1.89,0.3,12090,18968,16863,26768,16657
2024-04-01 02:14:29.169625,141685,72062,177700,105638,2.66,1.7,0.98,0.22,26674,19477,13657,8583,15381
2024-04-02 02:14:29.169625,81065,38583,123760,85177,1.03,1.46,0.75,0.57,15053,5837,6626,6478,6470
2024-04-03 02:14:29.169625,138836,101188,166370,65182,1.74,1.67,0.97,0.34,8359,16128,19249,12218,28051
2024-04-04 02:14:29.169625,117504,40200,131447,91247,1.6,2.42,1.14,0.49,25434,6334,24291,28427,24144
2024-04-05 02:14:29.169625,99440,5746,142155,136409,1.3,1.62,1.76,0.49,9031,13053,20269,11308,26389
2024-04-06 02:14:29.169625,113482,92758,142241,49483,3.0,2.17,0.81,0.49,5666,15623,8063,9459,5373
2024-04-07 02:14:29.169625,64264,-8044,93505,101549,1.51,1.71,1.79,0.38,28527,27736,5913,20544,16175
2024-04-08 02:14:29.169625,106945,29550,155497,125947,2.31,0.97,0.57,0.33,6999,17113,23120,28577,8873
2024-04-09 02:14:29.169625,60780,-38256,77657,115913,1.21,1.17,1.55,0.59,9992,9120,28785,8167,8226
2024-04-10 02:14:29.169625,61508,10882,95972,85090,2.67,1.41,1.38,0.58,10405,12159,24832,25253,22613
2024-04-11 02:14:29.169625,136603,113950,172176,58226,2.44,1.14,1.53,0.43,10884,16647,5172,9937,20332
2024-04-12 02:14:29.169625,81772,19763,102055,82292,2.19,2.2,0.86,0.41,16586,10837,10867,17935,13381
2024-04-13 02:14:29.169625,131950,53100,180867,127767,2.43,1.7,1.97,0.23,12893,10119,5953,19638,9928
2024-04-14 02:14:29.169625,84405,29399,113807,84408,2.77,1.75,1.6,0.39,14569,14601,17915,9889,26054
2024-04-15 02:14:29.169625,68172,-9697,92237,101934,2.67,1.96,1.54,0.34,19064,5986,24063,28880,17430
2024-04-16 02:14:29.169625,124833,62305,162568,100263,2.69,1.43,0.95,0.2,19700,20455,8056,12597,15453
2024-04-17 02:14:29.169625,116392,32917,126439,93522,2.41,1.85,1.85,0.21,5425,28988,20483,26838,24762
2024-04-18 02:14:29.169625,143098,73514,189797,116283,2.67,2.28,1.86,0.25,10120,20496,23743,25512,18387
2024-04-19 02:14:29.169625,57054,-5236,96101,101337,2.79,1.8,0.91,0.34,26921,16970,6345,13589,10646
2024-04-20 02:14:29.169625,57002,5276,80349,75073,2.91,1.16,0.84,0.36,25547,27910,29527,14367,27011
2024-04-21 02:14:29.169625,73428,-2730,107248,109978,1.62,1.81,1.41,0.54,11053,25475,7924,5468,28235
2024-04-22 02:14:29.169625,70875,-9431,116937,126368,2.14,0.86,1.3,0.53,20525,21862,26783,11754,6135
2024-04-23 02:14:29.169625,110692,53111,144859,91748,1.21,2.15,0.73,0.48,9513,18759,25535,19825,28943
2024-04-24 02:14:29.169625,143812,107114,191081,83967,2.12,2.42,0.98,0.5,12023,25151,21236,6830,6127
2024-04-25 02:14:29.169625,108763,40097,158433,118336,2.73,1.83,1.06,0.37,9754,16369,20025,10760,28030
2024-04-26 02:14:29.169625,109248,47445,146332,98887,1.71,1.41,1.14,0.57,19144,28437,5007,5078,26785
2024-04-27 02:14:29.169625,81358,30038,104180,74142,2.81,1.27,1.14,0.46,7396,25288,29621,18777,15577
2024-04-28 02:14:29.169625,138221,88847,175264,86417,2.83,2.21,1.45,0.34,29066,8231,26412,18787,21885
2024-04-29 02:14:29.169625,67381,-14267,94522,108789,2.1,2.19,0.68,0.58,22059,21849,9364,8872,25909
2024-04-30 02:14:29.169625,144485,49671,186336,136665,1.02,0.8,1.54,0.29,12990,18046,5653,5498,18215
2024-05-01 02:14:29.169625,69291,45812,80680,34868,1.26,1.92,1.01,0.43,29037,6271,26531,9168,10569
2024-05-02 02:14:29.169625,60079,-22442,101360,123802,2.43,1.51,1.28,0.28,29691,29299,11132,22147,18634
2024-05-03 02:14:29.169625,110553,79874,124990,45116,1.62,2.32,1.18,0.57,9512,8243,21946,12029,10226
2024-05-04 02:14:29.169625,54058,-35770,100802,136572,1.63,2.09,1.99,0.51,20069,10627,21391,17421,12126
2024-05-05 02:14:29.169625,132392,48518,148767,100249,1.88,1.58,1.29,0.28,26378,19090,17873,14230,21263
2024-05-06 02:14:29.169625,84354,7262,101940,94678,1.94,1.29,1.95,0.45,16044,26451,24810,24657,26580
2024-05-07 02:14:29.169625,73829,-22429,121637,144066,2.65,1.81,1.03,0.59,9261,7012,22845,22032,26218
2024-05-08 02:14:29.169625,72700,7397,94653,87256,1.05,1.75,0.88,0.53,18097,23973,24882,28152,13155
2024-05-09 02:14:29.169625,78513,30928,94303,63375,2.73,2.4,0.54,0.42,22089,7795,18029,8157,11166
2024-05-10 02:14:29.169625,94356,48747,124201,75454,2.87,2.34,0.9,0.43,20556,6982,25318,21693,24831
2024-05-11 02:14:29.169625,53340,-4819,81784,86603,1.46,1.92,0.9,0.28,8699,18574,21286,25592,15199
2024-05-12 02:14:29.169625,106936,50193,140331,90138,1.31,1.16,0.7,0.53,5276,15364,11817,18603,18686
2024-05-13 02:14:29.169625,90575,53904,113290,59386,1.09,1.83,0.71,0.4,24263,6827,17208,25895,12375
2024-05-14 02:14:29.169625,56835,-32970,71758,104728,1.09,1.82,1.47,0.54,28666,14120,15326,13366,14871
2024-05-15 02:14:29.169625,104660,25665,117470,91805,2.68,1.71,1.57,0.44,7618,26267,16354,19198,6262
2024-05-16 02:14:29.169625,149524,67514,189836,122322,1.75,2.44,1.16,0.49,6309,21290,22585,14865,14690
2024-05-17 02:14:29.169625,111927,72543,142270,69727,1.68,1.11,0.7,0.44,16210,24135,28407,6258,29177
2024-05-18 02:14:29.169625,109361,69977,131923,61946,1.94,2.16,1.04,0.25,27586,10898,11225,26747,18694
2024-05-19 02:14:29.169625,136315,39335,174554,135219,2.46,1.8,1.5,0.39,25486,23101,11170,23043,22052
2024-05-20 02:14:29.169625,123178,80514,167789,87275,1.56,1.54,1.2,0.4,17843,12843,21490,25677,22787
2024-05-21 02:14:29.169625,98151,44015,138408,94393,1.62,1.76,1.13,0.42,21459,26524,20779,18626,14546
2024-05-22 02:14:29.169625,79860,13506,95327,81821,1.7,1.91,1.92,0.27,13075,21270,8509,26475,17104
2024-05-23 02:14:29.169625,130872,75727,170146,94419,1.89,1.63,0.9,0.52,10454,15109,26186,16412,8036
2024-05-24 02:14:29.169625,136126,37051,177148,140097,1.21,2.11,1.96,0.32,26478,21690,22038,5969,13231
2024-05-25 02:14:29.169625,93303,5056,121574,116518,2.24,2.35,1.83,0.6,23454,10141,6840,10317,24405
2024-05-26 02:14:29.169625,101635,15530,123467,107937,2.54,0.81,1.22,0.58,24986,23743,5274,5238,29413
2024-05-27 02:14:29.169625,121611,56955,144453,87498,2.2,1.27,1.36,0.58,8783,20095,27170,21689,16317
2024-05-28 02:14:29.169625,91621,61519,104865,43346,1.14,2.31,1.37,0.31,28957,13494,24763,11547,11460
2024-05-29 02:14:29.169625,89503,-7641,125042,132683,2.7,2.18,1.99,0.21,10963,27422,5597,28936,7678
2024-05-30 02:14:29.169625,81646,23615,97250,73635,2.84,0.89,1.28,0.51,11201,6255,17358,8647,24589
2024-05-31 02:14:29.169625,106907,57358,138156,80798,2.06,2.22,0.89,0.56,24145,19228,6087,7912,15269
2024-06-01 02:14:29.169625,56858,-40308,82966,123274,1.47,1.19,0.63,0.51,17991,28297,11801,22548,15364
2024-06-02 02:14:29.169625,70893,-21043,98307,119350,1.88,1.19,0.62,0.51,25219,24667,29015,11202,15582
2024-06-03 02:14:29.169625,79665,3192,128209,125017,1.19,1.62,0.56,0.52,19899,28767,9218,28019,16043
2024-06-04 02:14:29.169625,93755,2040,107656,105616,2.38,2.22,0.54,0.42,25310,27494,11914,8593,10079
2024-06-05 02:14:29.169625,146012,88685,193049,104364,2.76,1.4,1.16,0.45,11712,10145,26366,15250,28601
2024-06-06 02:14:29.169625,62234,6701,94230,87529,3.0,1.11,1.27,0.39,23654,26283,12751,7651,8643
2024-06-07 02:14:29.169625,63338,-34919,105195,140114,1.7,0.89,0.59,0.47,29883,21061,22070,27260,21928
2024-06-08 02:14:29.169625,105830,10496,151561,141065,2.11,1.55,1.63,0.3,14501,11023,20640,18827,17690
2024-06-09 02:14:29.169625,128308,78286,168791,90505,1.19,1.78,1.95,0.36,5395,16614,23032,8246,16443
2024-06-10 02:14:29.169625,90492,35278,129311,94033,2.66,1.53,1.04,0.56,26950,12901,15352,14765,11547
2024-06-11 02:14:29.169625,146856,60034,181242,121208,1.25,1.67,0.84,0.46,15467,15173,26921,17188,17233
2024-06-12 02:14:29.169625,139330,93613,157576,63963,2.27,1.67,1.41,0.23,19619,29969,24232,22400,16615
2024-06-13 02:14:29.169625,112502,22954,156054,133100,3.0,1.65,0.74,0.44,19773,12407,16347,29073,21410
2024-06-14 02:14:29.169625,108358,66683,136247,69564,2.22,1.09,1.76,0.22,22215,16376,9851,27390,18737
2024-06-15 02:14:29.169625,66203,18995,108974,89979,2.67,0.82,1.97,0.49,25529,12291,20591,17443,13290
2024-06-16 02:14:29.169625,95474,48889,135581,86692,2.08,2.12,1.51,0.3,20156,27800,19422,26445,21214
2024-06-17 02:14:29.169625,109420,18207,151262,133055,1.44,1.96,1.01,0.28,6931,12647,22349,27169,12502
2024-06-18 02:14:29.169625,108900,78145,120643,42498,1.11,1.49,1.71,0.46,9377,21565,5047,15327,22137
2024-06-19 02:14:29.169625,57149,-8102,78569,86671,2.17,2.23,1.14,0.41,9825,21010,21123,20222,28190
2024-06-20 02:14:29.169625,100803,75631,129703,54072,2.4,2.06,2.0,0.25,7036,12155,7354,6068,18611
2024-06-21 02:14:29.169625,68971,3251,91708,88457,1.29,1.37,1.88,0.44,10361,28962,10914,16228,5399
2024-06-22 02:14:29.169625,74023,31458,121934,90476,1.48,2.27,1.78,0.59,26039,22429,13311,12895,12146
2024-06-23 02:14:29.169625,87585,64165,113414,49249,2.19,1.26,0.67,0.44,15651,15124,17068,20297,22950
2024-06-24 02:14:29.169625,107581,80935,126442,45507,2.98,1.67,1.88,0.26,24612,7177,7013,24650,12248
2024-06-25 02:14:29.169625,136111,43328,161186,117858,2.22,1.56,1.82,0.56,18136,7003,20885,21895,7664
2024-06-26 02:14:29.169625,80115,-1584,116720,118304,2.05,1.66,1.21,0.37,22491,16320,8814,7827,21873
2024-06-27 02:14:29.169625,74123,-10365,119158,129523,1.46,1.7,0.63,0.4,25305,10793,21340,28888,24274
2024-06-28 02:14:29.169625,64321,5522,102934,97412,2.84,1.88,1.05,0.41,23088,5224,18161,14126,15370
2024-06-29 02:14:29.169625,113895,53934,146158,92224,2.3,1.54,0.74,0.32,21410,8199,29990,8193,18759
2024-06-30 02:14:29.169625,121067,61423,142231,80808,2.21,1.85,1.95,0.47,22822,22549,24767,14759,16723
2024-07-01 02:14:29.169625,83120,32299,97077,64778,2.76,1.59,1.64,0.38,13647,10655,17367,10417,11401
2024-07-02 02:14:29.169625,86796,-3273,122270,125543,2.99,1.34,1.29,0.27,10079,18679,5979,7972,24210
2024-07-03 02:14:29.169625,126493,48389,148801,100412,1.75,1.87,1.64,0.32,17558,28880,8109,12815,14370
2024-07-04 02:14:29.169625,135785,38551,181305,142754,2.96,1.44,1.28,0.24,29679,12392,17143,21141,20934
2024-07-05 02:14:29.169625,103649,9247,130018,120771,2.37,1.02,0.67,0.51,24805,28224,25386,19346,9628
2024-07-06 02:14:29.169625,54041,19383,72557,53174,1.28,1.0,1.0,0.45,17031,9610,18976,29725,7667
2024-07-07 02:14:29.169625,96012,47707,118978,71271,1.32,1.5,1.8,0.42,16171,20130,8173,20267,14097
2024-07-08 02:14:29.169625,63478,-8954,76154,85108,2.29,1.02,1.48,0.28,9414,22377,12786,20982,16180
